-- Insere valores na tabela cliente
INSERT INTO cliente (Cod_cliente, Nome_cliente, Endereco, Cidade, Cep, UF, CPF_CGC, IE) VALUES
(1, 'Maria Silva', 'Rua A', 'Sorocaba', '18000000', 'SP', '12345678901', '1234567890'),
(2, 'João da Silva', 'Rua B', 'Itu', '13300000', 'SP', '23456789012', '2345678901'),
(3, 'Pedro Oliveira', 'Rua C', 'Sorocaba', '18000001', 'SP', '34567890123', '3456789012'),
(4, 'Ana Paula', 'Rua D', 'Itu', '13300001', 'SP', '45678901234', '4567890123'),
(5, 'Ciclano da Silva', 'Rua E', 'Sorocaba', '18000002', 'SP', '56789012345', '5678901234'),
(6, 'Bruno Santos', 'Rua F', 'Itu', '13300002', 'SP', '67890123456', '6789012345'),
(7, 'Carla Mendes', 'Rua G', 'Sorocaba', '18000003', 'SP', '78901234567', '7890123456'),
(8, 'Diego Costa', 'Rua H', 'Itu', '13300003', 'SP', '89012345678', '8901234567'),
(9, 'Eduardo Lima', 'Rua I', 'Sorocaba', '18000004', 'SP', '90123456789', '9012345678'),
(10, 'Fernanda Alves', 'Rua J', 'Itu', '13300004', 'SP', '01234567890', '0123456789');

-- Insere valores na tabela vendedor
INSERT INTO vendedor (cod_vendedor, nome_vendedor, faixa_comissao, salario_fixo) VALUES
(1, 'Fulano Antonio', 'A', 3000),
(2, 'Beltrano Souza', 'B', 3500),
(3, 'Ciclano Alberto', 'C', 4000),
(4, 'Alôncio Pimentão', 'A', 3200),
(5, 'Juliana Pereira', 'B', 3700);

-- Insere valores na tabela produto
INSERT INTO produto (cod_produto, descricao, Unidade, Valor_unitario) VALUES
(101, 'Produto A', 'UN', 10.00),
(102, 'Produto B', 'UN', 20.00),
(103, 'Produto C', 'UN', 30.00),
(104, 'Produto D', 'UN', 40.00),
(105, 'Produto E', 'UN', 50.00),
(106, 'Produto F', 'UN', 60.00),
(107, 'Produto G', 'UN', 70.00),
(108, 'Produto H', 'UN', 80.00),
(109, 'Produto I', 'UN', 90.00),
(110, 'Produto J', 'UN', 100.00);

-- Insere valores na tabela pedido
INSERT INTO pedido (Num_pedido, data_compra, data_entrega, cod_cliente, cod_vendedor) VALUES
(1, '2024-01-01', '2024-01-10', 1, 1),
(2, '2024-01-05', '2024-01-15', 2, 2),
(3, '2024-01-10', '2024-01-20', 3, 3),
(4, '2024-01-15', '2024-01-25', 4, 4),
(5, '2024-01-20', '2024-01-30', 5, 5),
(6, '2024-01-25', '2024-02-05', 6, 1),
(7, '2024-02-01', '2024-02-10', 7, 2),
(8, '2024-02-05', '2024-02-15', 8, 3),
(9, '2024-02-10', '2024-02-20', 9, 4),
(10, '2024-02-15', '2024-02-25', 10, 5),
(11, '2024-02-20', '2024-03-01', 1, 1),
(12, '2024-02-25', '2024-03-05', 2, 2),
(13, '2024-03-01', '2024-03-10', 3, 3),
(14, '2024-03-05', '2024-03-15', 4, 4),
(15, '2024-03-10', '2024-03-20', 5, 5),
(16, '2024-03-15', '2024-03-25', 6, 1),
(17, '2024-03-20', '2024-03-30', 7, 2),
(18, '2024-03-25', '2024-04-05', 8, 3),
(19, '2024-04-01', '2024-04-10', 9, 4),
(20, '2024-04-05', '2024-04-15', 10, 5),
(21, '2024-04-10', '2024-04-20', 1, 1),
(22, '2024-04-15', '2024-04-25', 2, 2),
(23, '2024-04-20', '2024-05-01', 3, 3),
(24, '2024-04-25', '2024-05-05', 4, 4),
(25, '2024-05-01', '2024-05-10', 5, 5),
(26, '2024-05-05', '2024-05-15', 6, 1),
(27, '2024-05-10', '2024-05-20', 7, 2),
(28, '2024-05-15', '2024-05-25', 8, 3),
(29, '2024-05-20', '2024-05-30', 9, 4),
(30, '2024-05-25', '2024-06-04', 10, 5);

-- Insere valores na tabela item_pedido
INSERT INTO item_pedido (num_pedido, cod_produto, quantidade) VALUES
(1, 101, 10),
(1, 102, 20),
(1, 103, 15),
(2, 104, 5),
(2, 105, 8),
(2, 106, 12),
(3, 107, 6),
(3, 108, 14),
(3, 109, 10),
(4, 110, 7),
(4, 101, 9),
(4, 102, 3),
(5, 103, 4),
(5, 104, 15),
(5, 105, 8),
(6, 106, 20),
(6, 107, 25),
(6, 108, 18),
(7, 109, 12),
(7, 110, 14),
(7, 101, 5),
(8, 102, 7),
(8, 103, 10),
(8, 104, 6),
(9, 105, 9),
(9, 106, 8),
(9, 107, 12),
(10, 108, 15),
(10, 109, 18),
(10, 110, 20),
(11, 101, 22),
(11, 102, 25),
(11, 103, 10),
(12, 104, 15),
(12, 105, 20),
(12, 106, 22),
(13, 107, 30),
(13, 108, 35),
(13, 109, 40),
(14, 110, 45),
(14, 101, 50),
(14, 102, 55),
(15, 103, 60),
(15, 104, 65),
(15, 105, 70),
(16, 106, 75),
(16, 107, 80),
(16, 108, 85),
(17, 109, 90),
(17, 110, 95),
(17, 101, 100),
(18, 102, 105),
(18, 103, 110),
(18, 104, 115),
(19, 105, 120),
(19, 106, 125),
(19, 107, 130),
(20, 108, 135),
(20, 109, 140),
(20, 110, 145),
(21, 101, 150),
(21, 102, 155),
(21, 103, 160),
(22, 104, 165),
(22, 105, 170),
(22, 106, 175),
(23, 107, 180),
(23, 108, 185),
(23, 109, 190),
(24, 110, 195),
(24, 101, 200),
(24, 102, 205),
(25, 103, 210),
(25, 104, 215),
(25, 105, 220),
(26, 106, 225),
(26, 107, 230),
(26, 108, 235),
(27, 109, 240),
(27, 110, 245),
(27, 101, 250),
(28, 102, 255),
(28, 103, 260),
(28, 104, 265),
(29, 105, 270),
(29, 106, 275),
(29, 107, 280),
(30, 108, 285),
(30, 109, 290),
(30, 110, 295);